,hhhh,mhhh,mmhh,mmmh,mmmm,ehhh,emhh,emmh,emmm,eehh,eemh,eemm,eeeh,eeem,eeee
0,0.0,0.0,0.0,0.0,0.0,0.0,0.0,0.0,0.0,0.0,0.0,0.0,0.0,0.0,0.0
1,0.0,0.0,0.0,0.0,0.0,0.0,0.0,0.0,0.0,0.0,0.0,0.0,0.0,0.0,0.0
2,0.0,0.0,0.0,0.0,0.0,0.0,0.0,0.0,0.0,0.0,0.0,0.0,0.0,0.0,0.0
3,0.0,0.0,0.0,0.0,0.0,0.0,0.0,0.0,0.0,0.0,0.0,0.0,0.0,0.0,0.0
4,0.689922480620156,0.689922480620156,0.689922480620156,0.689922480620156,0.689922480620156,0.689922480620156,0.689922480620156,0.689922480620156,0.689922480620156,0.689922480620156,0.689922480620156,0.689922480620156,0.689922480620156,0.689922480620156,0.689922480620156
5,0.0,0.0,0.0,0.0,0.0,0.0,0.0,0.0,0.0,0.0,0.0,0.0,0.0,0.0,0.0
6,0.0,0.0,0.0,0.0,0.0,0.0,0.0,0.0,0.0,0.0,0.0,0.0,0.0,0.0,0.0
7,0.0,0.0,0.0,0.0,0.0,0.0,0.0,0.0,0.0,0.0,0.0,0.0,0.0,0.0,0.0
8,0.06976744186046512,0.06976744186046512,0.06976744186046512,0.06976744186046512,0.06976744186046512,0.06976744186046512,0.06976744186046512,0.06976744186046512,0.06976744186046512,0.06976744186046512,0.06976744186046512,0.06976744186046512,0.06976744186046512,0.06976744186046512,0.06976744186046512
9,0.0,0.0,0.0,0.0,0.0,0.0,0.0,0.0,0.0,0.0,0.0,0.0,0.0,0.0,0.0
10,0.0,0.0,0.0,0.0,0.0,0.0,0.0,0.0,0.0,0.0,0.0,0.0,0.0,0.0,0.0
11,0.1705426356589148,0.1705426356589148,0.1705426356589148,0.1705426356589148,0.1705426356589148,0.1705426356589148,0.1705426356589148,0.1705426356589148,0.1705426356589148,0.1705426356589148,0.1705426356589148,0.1705426356589148,0.1705426356589148,0.1705426356589148,0.1705426356589148
12,0.0,0.0,0.0,0.0,0.0,0.0,0.0,0.0,0.0,0.0,0.0,0.0,0.0,0.0,0.0
13,0.031007751937984496,0.031007751937984496,0.031007751937984496,0.031007751937984496,0.031007751937984496,0.031007751937984496,0.031007751937984496,0.031007751937984496,0.031007751937984496,0.031007751937984496,0.031007751937984496,0.031007751937984496,0.031007751937984496,0.031007751937984496,0.031007751937984496
14,0.03875968992248062,0.03875968992248062,0.03875968992248062,0.03875968992248062,0.03875968992248062,0.03875968992248062,0.03875968992248062,0.03875968992248062,0.03875968992248062,0.03875968992248062,0.03875968992248062,0.03875968992248062,0.03875968992248062,0.03875968992248062,0.03875968992248062
