,hhhh,mhhh,mmhh,mmmh,mmmm,ehhh,emhh,emmh,emmm,eehh,eemh,eemm,eeeh,eeem,eeee
0,0.11546369440536998,0.11546369440536998,0.11546369440536998,0.11546369440536998,0.11546369440536998,0.11546369440536998,0.11546369440536998,0.11546369440536998,0.11546369440536998,0.11546369440536998,0.11546369440536998,0.11546369440536998,0.11546369440536998,0.11546369440536998,0.11546369440536998
1,0.0,0.0,0.0,0.0,0.0,0.0,0.0,0.0,0.0,0.0,0.0,0.0,0.0,0.0,0.0
2,0.0,0.0,0.0,0.0,0.0,0.0,0.0,0.0,0.0,0.0,0.0,0.0,0.0,0.0,0.0
3,0.0,0.0,0.0,0.0,0.0,0.0,0.0,0.0,0.0,0.0,0.0,0.0,0.0,0.0,0.0
4,0.3661941348339081,0.3661941348339081,0.3661941348339081,0.3661941348339081,0.3661941348339081,0.3661941348339081,0.3661941348339081,0.3661941348339081,0.3661941348339081,0.3661941348339081,0.3661941348339081,0.3661941348339081,0.3661941348339081,0.3661941348339081,0.3661941348339081
5,0.0,0.0,0.0,0.0,0.0,0.0,0.0,0.0,0.0,0.0,0.0,0.0,0.0,0.0,0.0
6,0.0,0.0,0.0,0.0,0.0,0.0,0.0,0.0,0.0,0.0,0.0,0.0,0.0,0.0,0.0
7,0.0,0.0,0.0,0.0,0.0,0.0,0.0,0.0,0.0,0.0,0.0,0.0,0.0,0.0,0.0
8,0.02662049561735729,0.02662049561735729,0.02662049561735729,0.02662049561735729,0.02662049561735729,0.02662049561735729,0.02662049561735729,0.02662049561735729,0.02662049561735729,0.02662049561735729,0.02662049561735729,0.02662049561735729,0.02662049561735729,0.02662049561735729,0.02662049561735729
9,0.0,0.0,0.0,0.0,0.0,0.0,0.0,0.0,0.0,0.0,0.0,0.0,0.0,0.0,0.0
10,0.0,0.0,0.0,0.0,0.0,0.0,0.0,0.0,0.0,0.0,0.0,0.0,0.0,0.0,0.0
11,0.2025754788442785,0.2025754788442785,0.2025754788442785,0.2025754788442785,0.2025754788442785,0.2025754788442785,0.2025754788442785,0.2025754788442785,0.2025754788442785,0.2025754788442785,0.2025754788442785,0.2025754788442785,0.2025754788442785,0.2025754788442785,0.2025754788442785
12,0.0,0.0,0.0,0.0,0.0,0.0,0.0,0.0,0.0,0.0,0.0,0.0,0.0,0.0,0.0
13,0.02900119034736485,0.02900119034736485,0.02900119034736485,0.02900119034736485,0.02900119034736485,0.02900119034736485,0.02900119034736485,0.02900119034736485,0.02900119034736485,0.02900119034736485,0.02900119034736485,0.02900119034736485,0.02900119034736485,0.02900119034736485,0.02900119034736485
14,0.2601450059517329,0.2601450059517329,0.2601450059517329,0.2601450059517329,0.2601450059517329,0.2601450059517329,0.2601450059517329,0.2601450059517329,0.2601450059517329,0.2601450059517329,0.2601450059517329,0.2601450059517329,0.2601450059517329,0.2601450059517329,0.2601450059517329
